{"stat.walkOneCm":5533,"stat.useItem.nb.warped_door":4,"stat.pickup.nb.respawn_anchor":1,"stat.leaveGame":3,"stat.pickup.minecraft.obsidian":1,"stat.pickup.nb.crimson_door":21,"stat.flyOneCm":9793,"stat.deaths":1,"stat.jump":21,"stat.playOneMinute":25956,"stat.pickup.minecraft.glowstone":1,"stat.sneakTime":58,"stat.pickup.minecraft.glowstone_dust":1,"stat.pickup.nb.warped_door":3,"stat.useItem.minecraft.fire_charge":1,"stat.useItem.nb.crimson_door":22,"stat.timeSinceDeath":23425,"stat.sprintOneCm":4038,"stat.useItem.minecraft.stone_slab2":20,"stat.pickup.minecraft.fire_charge":1}